{
	"credit": "Made with Blockbench",
	"textures": {
		"1": "item/bombing-poster",
		"particle": "item/bombing-poster"
	},
	"elements": [
		{
			"from": [0, 0, 8],
			"to": [16, 16, 9],
			"faces": {
				"north": {"uv": [0, 0, 1, 0], "texture": "#1"},
				"east": {"uv": [0, 0, 1, 0], "texture": "#1"},
				"south": {"uv": [0, 0, 16, 16], "texture": "#1"},
				"west": {"uv": [0, 0, 0, 0], "texture": "#1"},
				"up": {"uv": [0, 0, 1, 0], "texture": "#1"},
				"down": {"uv": [0, 0, 1, 0], "texture": "#1"}
			}
		}
	],
	"display": {
		"thirdperson_righthand": {
			"translation": [0, 3, 1],
			"scale": [0.55, 0.55, 0.55]
		},
		"thirdperson_lefthand": {
			"translation": [0, 3, 1],
			"scale": [0.55, 0.55, 0.55]
		},
		"firstperson_righthand": {
			"rotation": [1, -14, 0],
			"translation": [-2.25, 6, 1.13],
			"scale": [0.5, 0.5, 0.5]
		},
		"firstperson_lefthand": {
			"rotation": [1, -14, 0],
			"translation": [-2.25, 6, 1.13],
			"scale": [0.5, 0.5, 0.5]
		},
		"ground": {
			"rotation": [-64, 0, 0],
			"translation": [0, 2, 0],
			"scale": [1, 1, 0.5]
		},
		"head": {
			"rotation": [0, 180, 0],
			"translation": [0, 0.25, -5.5]
		},
		"fixed": {
			"rotation": [0, 180, 0],
			"translation": [0, 0, 0.75],
			"scale": [4, 4, 2]
		}
	}
}