{
	"parent": "minecraft:block/carved_pumpkin",
	"textures": {
		"layer0": "minecraft:block/carved_pumpkin"
	},
	
	"overrides": [
		{"predicate": {"custom_model_data":1}, "model": "item/dababy_mask"},
		{"predicate": {"custom_model_data":2}, "model": "item/matthijs_mask"},
		{"predicate": {"custom_model_data":3}, "model": "item/clown_mask"},
		{"predicate": {"custom_model_data":4}, "model": "item/plague_mask"},
		{"predicate": {"custom_model_data":5}, "model": "item/lokis_helmet"},
		{"predicate": {"custom_model_data":6}, "model": "item/swinehead"}
	]
}