{
	"credit": "Made with Blockbench",
	"textures": {
		"1": "block/netherite_block",
		"2": "block/jungle_log",
		"particle": "block/netherite_block"
	},
	"elements": [
		{
			"from": [3, 0, 6],
			"to": [6, 3, 10],
			"rotation": {"angle": 0, "axis": "y", "origin": [-1, -4, 0]},
			"faces": {
				"north": {"uv": [0, 0, 3, 3], "texture": "#2"},
				"east": {"uv": [0, 0, 4, 3], "texture": "#2"},
				"south": {"uv": [0, 0, 3, 3], "texture": "#2"},
				"west": {"uv": [0, 0, 4, 3], "texture": "#2"},
				"up": {"uv": [0, 0, 3, 4], "texture": "#2"},
				"down": {"uv": [0, 0, 3, 4], "texture": "#2"}
			}
		},
		{
			"from": [5, 2, 6],
			"to": [8, 5, 10],
			"rotation": {"angle": 0, "axis": "y", "origin": [-1, -4, 0]},
			"faces": {
				"north": {"uv": [0, 0, 3, 3], "texture": "#2"},
				"east": {"uv": [0, 0, 4, 3], "texture": "#2"},
				"south": {"uv": [0, 0, 3, 3], "texture": "#2"},
				"west": {"uv": [0, 0, 4, 3], "texture": "#2"},
				"up": {"uv": [0, 0, 3, 4], "texture": "#2"},
				"down": {"uv": [0, 0, 3, 4], "texture": "#2"}
			}
		},
		{
			"from": [7, 4, 6],
			"to": [10, 7, 10],
			"rotation": {"angle": 0, "axis": "y", "origin": [-1, -4, 0]},
			"faces": {
				"north": {"uv": [0, 0, 3, 3], "texture": "#2"},
				"east": {"uv": [0, 0, 4, 3], "texture": "#2"},
				"south": {"uv": [0, 0, 3, 3], "texture": "#2"},
				"west": {"uv": [0, 0, 4, 3], "texture": "#2"},
				"up": {"uv": [0, 0, 3, 4], "texture": "#2"},
				"down": {"uv": [0, 0, 3, 4], "texture": "#2"}
			}
		},
		{
			"from": [9, 6, 6],
			"to": [12, 9, 10],
			"rotation": {"angle": 0, "axis": "y", "origin": [-1, -4, 0]},
			"faces": {
				"north": {"uv": [0, 0, 3, 3], "texture": "#2"},
				"east": {"uv": [0, 0, 4, 3], "texture": "#2"},
				"south": {"uv": [0, 0, 3, 3], "texture": "#2"},
				"west": {"uv": [0, 0, 4, 3], "texture": "#2"},
				"up": {"uv": [0, 0, 3, 4], "texture": "#2"},
				"down": {"uv": [0, 0, 3, 4], "texture": "#2"}
			}
		},
		{
			"from": [11, 8, 6],
			"to": [14, 11, 10],
			"rotation": {"angle": 0, "axis": "y", "origin": [-1, -4, 0]},
			"faces": {
				"north": {"uv": [0, 0, 3, 3], "texture": "#2"},
				"east": {"uv": [0, 0, 4, 3], "texture": "#2"},
				"south": {"uv": [0, 0, 3, 3], "texture": "#2"},
				"west": {"uv": [0, 0, 4, 3], "texture": "#2"},
				"up": {"uv": [0, 0, 3, 4], "texture": "#2"},
				"down": {"uv": [0, 0, 3, 4], "texture": "#2"}
			}
		},
		{
			"from": [13, 10, 6],
			"to": [16, 13, 10],
			"rotation": {"angle": 0, "axis": "y", "origin": [-1, -4, 0]},
			"faces": {
				"north": {"uv": [0, 0, 3, 3], "texture": "#2"},
				"east": {"uv": [0, 0, 4, 3], "texture": "#2"},
				"south": {"uv": [0, 0, 3, 3], "texture": "#2"},
				"west": {"uv": [0, 0, 4, 3], "texture": "#2"},
				"up": {"uv": [0, 0, 3, 4], "texture": "#2"},
				"down": {"uv": [0, 0, 3, 4], "texture": "#2"}
			}
		},
		{
			"from": [1, -2, 6],
			"to": [4, 1, 10],
			"rotation": {"angle": 0, "axis": "y", "origin": [-1, -4, 0]},
			"faces": {
				"north": {"uv": [0, 0, 3, 3], "texture": "#2"},
				"east": {"uv": [0, 0, 4, 3], "texture": "#2"},
				"south": {"uv": [0, 0, 3, 3], "texture": "#2"},
				"west": {"uv": [0, 0, 4, 3], "texture": "#2"},
				"up": {"uv": [0, 0, 3, 4], "texture": "#2"},
				"down": {"uv": [0, 0, 3, 4], "texture": "#2"}
			}
		},
		{
			"from": [-1, -4, 6],
			"to": [2, -1, 10],
			"rotation": {"angle": 0, "axis": "y", "origin": [-1, -4, 0]},
			"faces": {
				"north": {"uv": [0, 0, 3, 3], "texture": "#2"},
				"east": {"uv": [0, 0, 4, 3], "texture": "#2"},
				"south": {"uv": [0, 0, 3, 3], "texture": "#2"},
				"west": {"uv": [6, 3, 10, 6], "texture": "#2"},
				"up": {"uv": [0, 0, 3, 4], "texture": "#2"},
				"down": {"uv": [0, 0, 3, 4], "texture": "#2"}
			}
		},
		{
			"from": [-4, 19, 4],
			"to": [3, 22, 12],
			"rotation": {"angle": -45, "axis": "z", "origin": [-1, -4, 0]},
			"faces": {
				"north": {"uv": [2, 1, 14, 10], "texture": "#1"},
				"east": {"uv": [1, 6, 7, 15], "texture": "#1"},
				"south": {"uv": [2, 1, 14, 10], "texture": "#1"},
				"west": {"uv": [0, 0, 6, 9], "texture": "#1"},
				"up": {"uv": [2, 4, 14, 10], "texture": "#1"},
				"down": {"uv": [1, 1, 13, 7], "texture": "#1"}
			}
		},
		{
			"from": [5.87868, 11.66548, 5],
			"to": [12.87868, 14.66548, 11],
			"rotation": {"angle": -22.5, "axis": "z", "origin": [17, 11, 8]},
			"faces": {
				"north": {"uv": [2, 1, 14, 10], "texture": "#1"},
				"east": {"uv": [1, 6, 7, 15], "texture": "#1"},
				"south": {"uv": [2, 1, 14, 10], "texture": "#1"},
				"west": {"uv": [0, 0, 6, 9], "texture": "#1"},
				"up": {"uv": [2, 4, 14, 10], "texture": "#1"},
				"down": {"uv": [1, 1, 13, 7], "texture": "#1"}
			}
		},
		{
			"from": [7.80467, 20.26606, 6],
			"to": [13.80467, 22.26606, 10],
			"rotation": {"angle": 22.5, "axis": "z", "origin": [21, 5, 8]},
			"faces": {
				"north": {"uv": [2, 1, 14, 10], "texture": "#1"},
				"east": {"uv": [1, 6, 7, 15], "texture": "#1"},
				"south": {"uv": [2, 1, 14, 10], "texture": "#1"},
				"west": {"uv": [0, 0, 6, 9], "texture": "#1"},
				"up": {"uv": [2, 4, 14, 10], "texture": "#1"},
				"down": {"uv": [1, 1, 13, 7], "texture": "#1"}
			}
		}
	],
	"display": {
		"thirdperson_righthand": {
			"rotation": [0, -90, 55],
			"translation": [0, 4, 0.5],
			"scale": [0.85, 0.85, 0.85]
		},
		"thirdperson_lefthand": {
			"rotation": [0, 90, -55],
			"translation": [0, 4, 0.5],
			"scale": [0.85, 0.85, 0.85]
		},
		"firstperson_righthand": {
			"rotation": [0, -90, 25],
			"translation": [1.13, 3.2, 1.13],
			"scale": [0.68, 0.68, 0.68]
		},
		"firstperson_lefthand": {
			"rotation": [0, 90, -25],
			"translation": [1.13, 3.2, 1.13],
			"scale": [0.68, 0.68, 0.68]
		}
	},
	"groups": [
		0,
		{
			"name": "handle",
			"origin": [0, 0, 0],
			"color": 0,
			"children": [6, 8, 3, 4, 5, 9, 7, 1]
		},
		2,
		10
	]
}