{
	"credit": "Made with Blockbench",
	"textures": {
		"0": "block/jort",
		"1": "block/mushroom_stem",
		"2": "block/cauldron_inner",
		"particle": "block/jort"
	},
	"elements": [
		{
			"from": [4, 0, 0],
			"to": [12, 8, 8],
			"faces": {
				"north": {"uv": [0, 0, 16, 8], "texture": "#0"},
				"east": {"uv": [0, 0, 8, 8], "texture": "#1"},
				"south": {"uv": [0, 0, 8, 8], "texture": "#1"},
				"west": {"uv": [0, 0, 8, 8], "texture": "#1"},
				"up": {"uv": [0, 0, 8, 8], "texture": "#1"},
				"down": {"uv": [0, 8, 16, 16], "texture": "#0"}
			}
		},
		{
			"from": [3, -4, 8],
			"to": [13, 6, 17],
			"faces": {
				"north": {"uv": [0, 0, 10, 10], "texture": "#1"},
				"east": {"uv": [0, 0, 9, 10], "texture": "#1"},
				"south": {"uv": [0, 0, 10, 10], "texture": "#1"},
				"west": {"uv": [0, 0, 9, 10], "texture": "#1"},
				"up": {"uv": [0, 0, 10, 9], "texture": "#1"},
				"down": {"uv": [0, 0, 10, 9], "texture": "#1"}
			}
		},
		{
			"from": [4, -5, 9],
			"to": [5, -4, 10],
			"faces": {
				"north": {"uv": [0, 0, 1, 1], "texture": "#2"},
				"east": {"uv": [0, 0, 1, 1], "texture": "#2"},
				"south": {"uv": [0, 0, 1, 1], "texture": "#2"},
				"west": {"uv": [0, 0, 1, 1], "texture": "#2"},
				"up": {"uv": [0, 0, 1, 1], "texture": "#2"},
				"down": {"uv": [0, 0, 1, 1], "texture": "#2"}
			}
		},
		{
			"from": [11, -5, 9],
			"to": [12, -4, 10],
			"faces": {
				"north": {"uv": [0, 0, 1, 1], "texture": "#2"},
				"east": {"uv": [0, 0, 1, 1], "texture": "#2"},
				"south": {"uv": [0, 0, 1, 1], "texture": "#2"},
				"west": {"uv": [0, 0, 1, 1], "texture": "#2"},
				"up": {"uv": [0, 0, 1, 1], "texture": "#2"},
				"down": {"uv": [0, 0, 1, 1], "texture": "#2"}
			}
		},
		{
			"from": [11, -5, 15],
			"to": [12, -4, 16],
			"faces": {
				"north": {"uv": [0, 0, 1, 1], "texture": "#2"},
				"east": {"uv": [0, 0, 1, 1], "texture": "#2"},
				"south": {"uv": [0, 0, 1, 1], "texture": "#2"},
				"west": {"uv": [0, 0, 1, 1], "texture": "#2"},
				"up": {"uv": [0, 0, 1, 1], "texture": "#2"},
				"down": {"uv": [0, 0, 1, 1], "texture": "#2"}
			}
		},
		{
			"from": [4, -5, 15],
			"to": [5, -4, 16],
			"faces": {
				"north": {"uv": [0, 0, 1, 1], "texture": "#2"},
				"east": {"uv": [0, 0, 1, 1], "texture": "#2"},
				"south": {"uv": [0, 0, 1, 1], "texture": "#2"},
				"west": {"uv": [0, 0, 1, 1], "texture": "#2"},
				"up": {"uv": [0, 0, 1, 1], "texture": "#2"},
				"down": {"uv": [0, 0, 1, 1], "texture": "#2"}
			}
		}
	],
	"display": {
		"fixed": {
			"translation": [0, 67, 0],
			"scale": [4, 4, 4]
		}
	}
}