{
	"credit": "Made with Blockbench",
	"textures": {
		"0": "block/netherite_block",
		"1": "block/quartz_block_bottom",
		"2": "block/redstone_block",
		"particle": "block/netherite_block"
	},
	"elements": [
		{
			"from": [0, 0, 7],
			"to": [6, 2, 9],
			"faces": {
				"north": {"uv": [0, 0, 6, 2], "texture": "#1"},
				"east": {"uv": [0, 0, 2, 2], "texture": "#1"},
				"south": {"uv": [0, 0, 6, 2], "texture": "#1"},
				"west": {"uv": [0, 0, 2, 2], "texture": "#1"},
				"up": {"uv": [5, 11, 11, 13], "texture": "#1"},
				"down": {"uv": [0, 0, 6, 2], "texture": "#1"}
			}
		},
		{
			"from": [6, -1, 6],
			"to": [7, 3, 10],
			"faces": {
				"north": {"uv": [11, 5, 12, 9], "texture": "#2"},
				"east": {"uv": [11, 5, 12, 9], "texture": "#2"},
				"south": {"uv": [11, 5, 12, 9], "texture": "#2"},
				"west": {"uv": [0, 0, 4, 4], "texture": "#2"},
				"up": {"uv": [11, 5, 12, 9], "texture": "#2"},
				"down": {"uv": [0, 0, 1, 4], "texture": "#2"}
			}
		},
		{
			"from": [7, 0, 7],
			"to": [15, 2, 9],
			"faces": {
				"north": {"uv": [8, 0, 16, 2], "texture": "#0"},
				"east": {"uv": [0, 0, 2, 2], "texture": "#0"},
				"south": {"uv": [0, 0, 8, 2], "texture": "#0"},
				"west": {"uv": [0, 0, 2, 2], "texture": "#missing"},
				"up": {"uv": [0, 0, 8, 2], "texture": "#0"},
				"down": {"uv": [0, 0, 8, 2], "texture": "#0"}
			}
		},
		{
			"from": [15, 0, 8],
			"to": [21, 2, 10],
			"faces": {
				"north": {"uv": [0, 0, 6, 2], "texture": "#0"},
				"east": {"uv": [0, 0, 2, 2], "texture": "#0"},
				"south": {"uv": [0, 0, 6, 2], "texture": "#0"},
				"west": {"uv": [0, 0, 2, 2], "texture": "#0"},
				"up": {"uv": [0, 0, 6, 2], "texture": "#0"},
				"down": {"uv": [0, 0, 6, 2], "texture": "#0"}
			}
		},
		{
			"from": [21, 0, 9],
			"to": [24, 2, 11],
			"faces": {
				"north": {"uv": [0, 0, 3, 2], "texture": "#0"},
				"east": {"uv": [0, 0, 2, 2], "texture": "#0"},
				"south": {"uv": [0, 0, 3, 2], "texture": "#0"},
				"west": {"uv": [0, 0, 2, 2], "texture": "#0"},
				"up": {"uv": [0, 0, 3, 2], "texture": "#0"},
				"down": {"uv": [0, 0, 3, 2], "texture": "#0"}
			}
		},
		{
			"from": [24, 0, 10],
			"to": [25, 2, 11],
			"faces": {
				"north": {"uv": [0, 0, 1, 2], "texture": "#0"},
				"east": {"uv": [0, 0, 1, 2], "texture": "#0"},
				"south": {"uv": [0, 0, 1, 2], "texture": "#0"},
				"west": {"uv": [0, 0, 1, 2], "texture": "#missing"},
				"up": {"uv": [0, 0, 1, 1], "texture": "#0"},
				"down": {"uv": [0, 0, 1, 1], "texture": "#0"}
			}
		},
		{
			"from": [-1, 0, 7],
			"to": [0, 2, 9],
			"faces": {
				"north": {"uv": [3, 8, 4, 10], "texture": "#2"},
				"east": {"uv": [11, 4, 13, 6], "texture": "#2"},
				"south": {"uv": [8, 3, 9, 5], "texture": "#2"},
				"west": {"uv": [10, 1, 12, 3], "texture": "#2"},
				"up": {"uv": [4, 3, 5, 5], "texture": "#2"},
				"down": {"uv": [6, 3, 7, 5], "texture": "#2"}
			}
		}
	],
	"display": {
		"thirdperson_righthand": {
			"rotation": [8.25, 0, 88],
			"translation": [-1.75, 3.75, 2],
			"scale": [1, 0.3, 1]
		},
		"thirdperson_lefthand": {
			"rotation": [-178.75, -180, 88],
			"translation": [2.5, 3.75, 2],
			"scale": [1, 0.3, 1]
		},
		"firstperson_righthand": {
			"rotation": [-8.42, 21.9, 96.28],
			"translation": [9.5, -2.5, -7],
			"scale": [1, 0.5, 1]
		},
		"firstperson_lefthand": {
			"rotation": [-18.5, 8.54, -77.51],
			"translation": [12.25, -0.25, -7],
			"scale": [1, 0.5, 1]
		},
		"ground": {
			"translation": [0, 2, 0],
			"scale": [0.5, 0.5, 0.5]
		},
		"gui": {
			"rotation": [-84.37, -49.01, 7.02],
			"translation": [-1.25, -3, 0],
			"scale": [1.05, 0, 0.96]
		},
		"head": {
			"rotation": [-47.5, 0, 87],
			"translation": [-6.5, 7.5, -8.25]
		},
		"fixed": {
			"rotation": [93.67, 59.65, -7.11],
			"translation": [-0.5, -3, 6.25],
			"scale": [1.5, 1.27539, 1.5]
		}
	}
}