{
	"credit": "Made with Blockbench",
	"textures": {
		"1": "item/unknown",
		"particle": "item/unknown"
	},
	"elements": [
		{
			"from": [0, 0, 0],
			"to": [16, 16, 2],
			"faces": {
				"north": {"uv": [3.34641, 0.15686, 16, 16], "texture": "#1"},
				"east": {"uv": [0, 14.89542, 1, 15.89542], "texture": "#1"},
				"south": {"uv": [0, 14.89542, 1, 15.89542], "texture": "#1"},
				"west": {"uv": [0, 14.89542, 1, 15.89542], "texture": "#1"},
				"up": {"uv": [0, 14.89542, 1, 15.89542], "texture": "#1"},
				"down": {"uv": [0, 14.89542, 1, 15.89542], "texture": "#1"}
			}
		},
		{
			"from": [0, 7, 2],
			"to": [1, 9, 16],
			"faces": {
				"north": {"uv": [0, 0, 1, 1], "texture": "#missing"},
				"east": {"uv": [0, 14.89542, 1, 15.89542], "texture": "#1"},
				"south": {"uv": [0, 14.89542, 1, 15.89542], "texture": "#1"},
				"west": {"uv": [0, 14.89542, 1, 15.89542], "texture": "#1"},
				"up": {"uv": [0, 14.89542, 1, 15.89542], "texture": "#1"},
				"down": {"uv": [0, 14.89542, 1, 15.89542], "texture": "#1"}
			}
		},
		{
			"from": [15, 7, 2],
			"to": [16, 9, 16],
			"faces": {
				"north": {"uv": [0, 0, 1, 1], "texture": "#missing"},
				"east": {"uv": [0, 14.89542, 1, 15.89542], "texture": "#1"},
				"south": {"uv": [0, 14.89542, 1, 15.89542], "texture": "#1"},
				"west": {"uv": [0, 14.89542, 1, 15.89542], "texture": "#1"},
				"up": {"uv": [0, 14.89542, 1, 15.89542], "texture": "#1"},
				"down": {"uv": [0, 14.89542, 1, 15.89542], "texture": "#1"}
			}
		},
		{
			"from": [1, 7, 15],
			"to": [15, 9, 16],
			"faces": {
				"north": {"uv": [0, 14.89542, 1, 15.89542], "texture": "#1"},
				"east": {"uv": [0, 0, 1, 1], "texture": "#missing"},
				"south": {"uv": [0, 14.89542, 1, 15.89542], "texture": "#1"},
				"west": {"uv": [0, 0, 1, 1], "texture": "#missing"},
				"up": {"uv": [0, 14.89542, 1, 15.89542], "texture": "#1"},
				"down": {"uv": [0, 0, 1, 1], "texture": "#missing"}
			}
		}
	],
	"display": {
		"thirdperson_righthand": {
			"rotation": [75, 45, 0],
			"translation": [0, 2.5, 0],
			"scale": [0.375, 0.375, 0.375]
		},
		"thirdperson_lefthand": {
			"rotation": [75, 45, 0],
			"translation": [0, 2.5, 0],
			"scale": [0.375, 0.375, 0.375]
		},
		"firstperson_righthand": {
			"rotation": [0, 45, 0],
			"scale": [0.4, 0.4, 0.4]
		},
		"firstperson_lefthand": {
			"rotation": [0, 225, 0],
			"scale": [0.4, 0.4, 0.4]
		},
		"ground": {
			"translation": [0, 3, 0],
			"scale": [0.25, 0.25, 0.25]
		},
		"gui": {
			"rotation": [30, 225, 0],
			"scale": [0.625, 0.625, 0.625]
		},
		"fixed": {
			"scale": [0.5, 0.5, 0.5]
		}
	}
}