{
	"credit": "Made with Blockbench",
	"textures": {
		"0": "item/swine",
		"particle": "item/swine"
	},
	"elements": [
		{
			"from": [1, 0, 1],
			"to": [15, 14, 15],
			"faces": {
				"north": {"uv": [2, 0, 4, 2], "texture": "#0"},
				"east": {"uv": [2, 0, 4, 2], "texture": "#0"},
				"south": {"uv": [2, 0, 4, 2], "texture": "#0"},
				"west": {"uv": [2, 0, 4, 2], "texture": "#0"},
				"up": {"uv": [2, 0, 4, 2], "texture": "#0"},
				"down": {"uv": [2, 0, 4, 2], "texture": "#0"}
			}
		},
		{
			"from": [4, 3, -1],
			"to": [12, 8, 1],
			"faces": {
				"north": {"uv": [2.5, 3.25, 3.5, 3.75], "texture": "#0"},
				"east": {"uv": [2.5, 3.5, 3.25, 3.75], "texture": "#0"},
				"south": {"uv": [0, 0, 8, 5], "texture": "#missing"},
				"west": {"uv": [2.5, 3.5, 3.25, 3.75], "texture": "#0"},
				"up": {"uv": [2.5, 3.5, 3.25, 3.75], "texture": "#0"},
				"down": {"uv": [2.5, 3.5, 3.25, 3.75], "texture": "#0"}
			}
		},
		{
			"from": [15, 7, 2],
			"to": [17, 11, 5],
			"faces": {
				"north": {"uv": [9.75, 2.5, 10.25, 2.75], "texture": "#0"},
				"east": {"uv": [9.75, 2.5, 10.25, 2.75], "texture": "#0"},
				"south": {"uv": [9.75, 2.5, 10.25, 2.75], "texture": "#0"},
				"west": {"uv": [9.75, 2.5, 10.25, 2.75], "texture": "#0"},
				"up": {"uv": [9.75, 2.5, 10.25, 2.75], "texture": "#0"},
				"down": {"uv": [9.75, 2.5, 10.25, 2.75], "texture": "#0"}
			}
		},
		{
			"from": [-1, 7, 2],
			"to": [1, 11, 5],
			"faces": {
				"north": {"uv": [9.75, 2.5, 10.25, 2.75], "texture": "#0"},
				"east": {"uv": [9.75, 2.5, 10.25, 2.75], "texture": "#0"},
				"south": {"uv": [9.75, 2.5, 10.25, 2.75], "texture": "#0"},
				"west": {"uv": [9.75, 2.5, 10.25, 2.75], "texture": "#0"},
				"up": {"uv": [9.75, 2.5, 10.25, 2.75], "texture": "#0"},
				"down": {"uv": [9.75, 2.5, 10.25, 2.75], "texture": "#0"}
			}
		},
		{
			"from": [2, 2, 0],
			"to": [5, 5, 1],
			"faces": {
				"north": {"uv": [1.75, 3.25, 2.25, 3.75], "texture": "#0"},
				"east": {"uv": [1.75, 3.25, 2.25, 3.75], "texture": "#0"},
				"south": {"uv": [1.75, 3.25, 2.25, 3.75], "texture": "#0"},
				"west": {"uv": [1.75, 3.25, 2.25, 3.75], "texture": "#0"},
				"up": {"uv": [1.75, 3.25, 2.25, 3.75], "texture": "#0"},
				"down": {"uv": [1.75, 3.25, 2.25, 3.75], "texture": "#0"}
			}
		},
		{
			"from": [11, 2, 0],
			"to": [14, 5, 1],
			"faces": {
				"north": {"uv": [1.75, 3.25, 2.25, 3.75], "texture": "#0"},
				"east": {"uv": [1.75, 3.25, 2.25, 3.75], "texture": "#0"},
				"south": {"uv": [1.75, 3.25, 2.25, 3.75], "texture": "#0"},
				"west": {"uv": [1.75, 3.25, 2.25, 3.75], "texture": "#0"},
				"up": {"uv": [1.75, 3.25, 2.25, 3.75], "texture": "#0"},
				"down": {"uv": [1.75, 3.25, 2.25, 3.75], "texture": "#0"}
			}
		},
		{
			"from": [15, 8, 11],
			"to": [16, 11, 16],
			"faces": {
				"north": {"uv": [15, 0, 16, 5], "texture": "#0"},
				"east": {"uv": [8.5, 2, 9.25, 2.5], "texture": "#0"},
				"south": {"uv": [15, 0, 16, 5], "texture": "#0"},
				"west": {"uv": [15, 0, 16, 5], "texture": "#0"},
				"up": {"uv": [15, 0, 16, 5], "texture": "#0"},
				"down": {"uv": [15, 0, 16, 5], "texture": "#0"}
			}
		},
		{
			"from": [0, 8, 11],
			"to": [1, 11, 16],
			"faces": {
				"north": {"uv": [15, 0, 16, 5], "texture": "#0"},
				"east": {"uv": [14, 0.75, 14.75, 1.25], "texture": "#0"},
				"south": {"uv": [15, 0, 16, 5], "texture": "#0"},
				"west": {"uv": [12.75, 2, 13.5, 2.5], "texture": "#0"},
				"up": {"uv": [15, 0, 16, 5], "texture": "#0"},
				"down": {"uv": [15, 0, 16, 5], "texture": "#0"}
			}
		}
	],
	"display": {
		"thirdperson_righthand": {
			"rotation": [75, 45, 0],
			"translation": [0, 2.5, 0],
			"scale": [0.375, 0.375, 0.375]
		},
		"thirdperson_lefthand": {
			"rotation": [75, 45, 0],
			"translation": [0, 2.5, 0],
			"scale": [0.375, 0.375, 0.375]
		},
		"firstperson_righthand": {
			"rotation": [0, 45, 0],
			"scale": [0.4, 0.4, 0.4]
		},
		"firstperson_lefthand": {
			"rotation": [0, 225, 0],
			"scale": [0.4, 0.4, 0.4]
		},
		"ground": {
			"translation": [0, 3, 0],
			"scale": [0.25, 0.25, 0.25]
		},
		"gui": {
			"rotation": [30, 225, 0],
			"scale": [0.625, 0.625, 0.625]
		},
		"head": {
			"translation": [0, 0.5, 0]
		},
		"fixed": {
			"scale": [0.5, 0.5, 0.5]
		}
	}
}